frame,left_shoulder_to_right_shoulder_cm,left_hip_to_right_hip_cm,left_shoulder_to_left_elbow_cm,right_shoulder_to_right_elbow_cm,left_shoulder_to_left_hip_cm,right_shoulder_to_right_hip_cm,left_wrist_movement_cm,right_wrist_movement_cm,left_elbow_movement_cm,right_elbow_movement_cm
0,38.2469057038392,29.672832623771654,24.655388780515455,26.346067359401527,46.72243773343919,47.31134842504406,0.0,0.0,0.0,0.0
50,41.283315797853575,28.164489438051643,20.270819481436355,23.397721849682334,47.94315000761904,49.34409825554685,59.06377708261898,54.25733032390694,30.07909681666194,29.706900181058057
