frame,left_shoulder_to_right_shoulder_cm,left_hip_to_right_hip_cm,left_shoulder_to_left_elbow_cm,right_shoulder_to_right_elbow_cm,left_shoulder_to_left_hip_cm,right_shoulder_to_right_hip_cm,left_wrist_movement_cm,right_wrist_movement_cm,left_elbow_movement_cm,right_elbow_movement_cm
0,40.22857142857143,29.672832623771654,29.706900181058057,30.875592368109036,52.415470531326996,52.35754753302975,0.0,0.0,0.0,0.0
15,27.196158192071234,26.15340614645107,24.808751582899955,25.288265246625233,56.355906921084674,54.31788279965204,126.78383879498143,125.2760361142138,67.90247412161602,67.90247412161602
