frame,left_shoulder_to_right_shoulder_cm,left_hip_to_right_hip_cm,left_shoulder_to_left_elbow_cm,right_shoulder_to_right_elbow_cm,left_shoulder_to_left_hip_cm,right_shoulder_to_right_hip_cm,left_wrist_movement_cm,right_wrist_movement_cm,left_elbow_movement_cm,right_elbow_movement_cm
0,35.25742255040716,18.632875926869758,21.965131551657795,24.808751582899955,49.64043118430042,49.53589537509386,0.0,0.0,0.0,0.0
50,34.253394290320536,18.60571428571429,24.76794768754693,25.268258704532524,49.41578959426319,50.53651740906505,54.79989393703426,55.419328831764695,27.03295645492512,27.65714285714286
