frame,left_shoulder_to_right_shoulder_cm,left_hip_to_right_hip_cm,left_shoulder_to_left_elbow_cm,right_shoulder_to_right_elbow_cm,left_elbow_to_left_wrist_cm,right_elbow_to_right_wrist_cm,left_shoulder_to_left_hip_cm,right_shoulder_to_right_hip_cm,left_wrist_movement_cm,right_wrist_movement_cm,left_elbow_movement_cm,right_elbow_movement_cm,shoulder_width
0,37.71763794625663,,28.733346907205156,29.940065300598157,27.196158192071234,26.15340614645107,,,0.0,0.0,0.0,0.0,37.71763794625663
15,30.171428571428574,,28.024982440963754,27.71194570386348,31.278361040626077,28.733346907205156,,,123.73964609746761,120.25016644733698,65.40236630556532,65.38883284800617,30.171428571428574
