metric,MAE_YOLO,MAE_Mediapipe,RMSE_YOLO,RMSE_Mediapipe,Corr_YOLO,Corr_Mediapipe
shoulder_width,5.381679822623391,4.202918820441262,6.122101517487861,4.642674675557304,0.8497665568655309,0.8717860185490379
left_shoulder_to_left_elbow_cm,3.052719916576771,2.167662091817448,3.800400194462013,2.826146048246039,0.8500676875649523,0.8492436219983065
right_shoulder_to_right_elbow_cm,1.8605563617582206,1.7419121531948862,2.5026710864949266,1.9664471422969616,0.9485655570230642,0.9560398508532669
left_wrist_movement_cm,2.5065778705385426,5.168587627283511,3.2314380883106533,6.174391593447449,0.9961980743969232,0.996396751519625
right_wrist_movement_cm,3.5106877043682942,4.32522823019025,4.42994240584503,5.301891362952703,0.9962550396213458,0.9981227508724584
left_elbow_movement_cm,3.138462687234251,4.7533277399144405,4.172947620350547,6.00571777014952,0.9812622314945877,0.9858939247421885
right_elbow_movement_cm,1.0352219050057603,4.414376353022342,1.2645236491667824,5.216491339873604,0.9984181359874152,0.9876182140450923
