frame,left_shoulder_to_right_shoulder_cm,left_hip_to_right_hip_cm,left_shoulder_to_left_elbow_cm,right_shoulder_to_right_elbow_cm,left_shoulder_to_left_hip_cm,right_shoulder_to_right_hip_cm,left_wrist_movement_cm,right_wrist_movement_cm,left_elbow_movement_cm,right_elbow_movement_cm
0,28.662857142857145,18.109839923114073,23.180568921193547,25.640783839780863,47.292638250081396,46.396576932144555,0.0,0.0,0.0,0.0
50,33.20380602722943,19.63719918513673,26.322061826071117,27.321390588208892,48.71748929558364,47.94051279812242,54.75834913508624,56.079281488308126,28.445895654590256,28.7641318595339
